<xml xmlns:o="urn:schemas-microsoft-com:office:office">
 <o:File HRef="v3_document.htm"/>
 <o:File HRef="v3_next_active.gif"/>
 <o:File HRef="v3_next_disabled.gif"/>
 <o:File HRef="v3_prev_active.gif"/>
 <o:File HRef="v3_prev_disabled.gif"/>
 <o:File HRef="v3_outline_collapse.gif"/>
 <o:File HRef="v3_outline_expand.gif"/>
 <o:File HRef="v3_space.gif"/>
 <o:File HRef="v3_endshow.htm"/>
 <o:File HRef="v3_navigation_bar.htm"/>
 <o:File HRef="v3_outline_navigation_bar.htm"/>
 <o:File HRef="v3_outline_collapsed.htm"/>
 <o:File HRef="v3_outline_expanded.htm"/>
 <o:File HRef="v3_blank_notes.htm"/>
 <o:File HRef="master03.htm"/>
 <o:File HRef="master03.xml"/>
 <o:File HRef="master03_image001.jpg"/>
 <o:File HRef="master02.htm"/>
 <o:File HRef="pres.xml"/>
 <o:File HRef="v3_slide0001.htm"/>
 <o:File HRef="v3_master03_background.jpg"/>
 <o:File HRef="v3_slide0001_image002.gif"/>
 <o:File HRef="v3_slide0001_image003.gif"/>
 <o:File HRef="v3_slide0001_image004.jpg"/>
 <o:File HRef="v3_slide0001_image005.gif"/>
 <o:File HRef="v3_slide0002.htm"/>
 <o:File HRef="v3_slide0002_background.jpg"/>
 <o:File HRef="v3_slide0003.htm"/>
 <o:File HRef="v3_slide0003_background.jpg"/>
 <o:File HRef="v3_slide0004.htm"/>
 <o:File HRef="v3_slide0004_background.jpg"/>
 <o:File HRef="v3_slide0005.htm"/>
 <o:File HRef="v3_slide0005_background.jpg"/>
 <o:File HRef="v3_slide0006.htm"/>
 <o:File HRef="v3_slide0006_image006.gif"/>
 <o:File HRef="v3_slide0007.htm"/>
 <o:File HRef="v3_slide0007_background.gif"/>
 <o:File HRef="v3_slide0007_image007.gif"/>
 <o:File HRef="v3_slide0007_image008.gif"/>
 <o:File HRef="v3_slide0007_image009.gif"/>
 <o:File HRef="v3_slide0008.htm"/>
 <o:File HRef="v3_slide0008_background.jpg"/>
 <o:File HRef="v3_slide0008_image010.gif"/>
 <o:File HRef="v3_slide0018.htm"/>
 <o:File HRef="v3_slide0018_background.gif"/>
 <o:File HRef="v3_slide0018_image011.gif"/>
 <o:File HRef="v3_slide0018_image012.gif"/>
 <o:File HRef="v3_slide0018_image013.gif"/>
 <o:File HRef="v3_slide0018_image014.gif"/>
 <o:File HRef="v3_slide0009.htm"/>
 <o:File HRef="v3_slide0009_image015.gif"/>
 <o:File HRef="v3_slide0010.htm"/>
 <o:File HRef="v3_slide0010_background.gif"/>
 <o:File HRef="v3_slide0010_image016.gif"/>
 <o:File HRef="v3_slide0010_image017.gif"/>
 <o:File HRef="v3_slide0010_image018.gif"/>
 <o:File HRef="v3_slide0010_image019.gif"/>
 <o:File HRef="v3_slide0011.htm"/>
 <o:File HRef="v3_slide0011_background.jpg"/>
 <o:File HRef="v3_slide0011_image020.gif"/>
 <o:File HRef="v3_slide0012.htm"/>
 <o:File HRef="v3_slide0012_image021.gif"/>
 <o:File HRef="v3_slide0012_image022.gif"/>
 <o:File HRef="v3_slide0012_image023.gif"/>
 <o:File HRef="v3_slide0012_image024.gif"/>
 <o:File HRef="v3_slide0013.htm"/>
 <o:File HRef="v3_slide0013_image025.gif"/>
 <o:File HRef="v3_slide0013_image026.gif"/>
 <o:File HRef="v3_slide0013_image027.gif"/>
 <o:File HRef="v3_slide0014.htm"/>
 <o:File HRef="v3_slide0014_image028.gif"/>
 <o:File HRef="v3_slide0014_image029.gif"/>
 <o:File HRef="v3_slide0015.htm"/>
 <o:File HRef="v3_slide0015_image030.gif"/>
 <o:File HRef="v3_slide0016.htm"/>
 <o:File HRef="v3_slide0016_image031.gif"/>
 <o:File HRef="v3_slide0016_image032.gif"/>
 <o:File HRef="v3_slide0017.htm"/>
 <o:File HRef="v3_slide0017_background.gif"/>
 <o:File HRef="v3_slide0017_image033.gif"/>
 <o:File HRef="v3_slide0017_image034.gif"/>
 <o:File HRef="v3_slide0017_image035.gif"/>
 <o:File HRef="v3_slide0019.htm"/>
 <o:File HRef="v3_slide0019_image036.gif"/>
 <o:File HRef="v3_slide0019_image037.gif"/>
 <o:File HRef="v3_slide0020.htm"/>
 <o:File HRef="v3_slide0020_image038.gif"/>
 <o:File HRef="v3_slide0020_image039.gif"/>
 <o:File HRef="v3_slide0021.htm"/>
 <o:File HRef="v3_slide0021_image040.gif"/>
 <o:File HRef="v3_slide0022.htm"/>
 <o:File HRef="v3_slide0022_image041.gif"/>
 <o:File HRef="v3_slide0023.htm"/>
 <o:File HRef="v3_slide0023_image042.gif"/>
 <o:File HRef="v3_slide0024.htm"/>
 <o:File HRef="v3_slide0024_image043.gif"/>
 <o:File HRef="slide0001.htm"/>
 <o:File HRef="master03_background.gif"/>
 <o:File HRef="slide0001_image044.png"/>
 <o:File HRef="slide0001_image045.gif"/>
 <o:File HRef="slide0001_image046.png"/>
 <o:File HRef="slide0001_image047.jpg"/>
 <o:File HRef="slide0001_image048.png"/>
 <o:File HRef="slide0001_image049.gif"/>
 <o:File HRef="slide0001_image050.png"/>
 <o:File HRef="slide0001_image051.gif"/>
 <o:File HRef="slide0002.htm"/>
 <o:File HRef="slide0002_image052.gif"/>
 <o:File HRef="slide0003.htm"/>
 <o:File HRef="slide0003_image053.gif"/>
 <o:File HRef="slide0004.htm"/>
 <o:File HRef="slide0004_image054.gif"/>
 <o:File HRef="slide0005.htm"/>
 <o:File HRef="slide0005_image055.gif"/>
 <o:File HRef="slide0006.htm"/>
 <o:File HRef="slide0006_image056.gif"/>
 <o:File HRef="slide0007.htm"/>
 <o:File HRef="slide0007_image057.gif"/>
 <o:File HRef="slide0007_image058.gif"/>
 <o:File HRef="slide0008.htm"/>
 <o:File HRef="slide0008_image059.gif"/>
 <o:File HRef="slide0008_image060.jpg"/>
 <o:File HRef="slide0008_image061.gif"/>
 <o:File HRef="slide0018.htm"/>
 <o:File HRef="slide0018_image062.gif"/>
 <o:File HRef="slide0009.htm"/>
 <o:File HRef="slide0009_image063.gif"/>
 <o:File HRef="slide0010.htm"/>
 <o:File HRef="slide0010_image064.gif"/>
 <o:File HRef="slide0010_image065.png"/>
 <o:File HRef="slide0010_image066.jpg"/>
 <o:File HRef="slide0010_image067.jpg"/>
 <o:File HRef="slide0010_image068.png"/>
 <o:File HRef="slide0010_image069.png"/>
 <o:File HRef="slide0010_image070.png"/>
 <o:File HRef="slide0010_image071.gif"/>
 <o:File HRef="slide0011.htm"/>
 <o:File HRef="slide0011_image072.gif"/>
 <o:File HRef="slide0011_image073.jpg"/>
 <o:File HRef="slide0011_image074.gif"/>
 <o:File HRef="slide0011_image075.jpg"/>
 <o:File HRef="slide0011_image076.gif"/>
 <o:File HRef="slide0012.htm"/>
 <o:File HRef="slide0012_image077.gif"/>
 <o:File HRef="slide0012_image078.wmz"/>
 <o:File HRef="oledata.mso"/>
 <o:File HRef="slide0012_image079.gif"/>
 <o:File HRef="slide0012_image080.jpg"/>
 <o:File HRef="slide0012_image081.gif"/>
 <o:File HRef="slide0012_image082.jpg"/>
 <o:File HRef="slide0012_image083.gif"/>
 <o:File HRef="slide0013.htm"/>
 <o:File HRef="slide0013_image084.gif"/>
 <o:File HRef="slide0013_image085.wmz"/>
 <o:File HRef="slide0013_image086.gif"/>
 <o:File HRef="slide0013_image087.gif"/>
 <o:File HRef="slide0014.htm"/>
 <o:File HRef="slide0014_image088.gif"/>
 <o:File HRef="slide0014_image089.wmz"/>
 <o:File HRef="slide0014_image090.gif"/>
 <o:File HRef="slide0015.htm"/>
 <o:File HRef="slide0015_image091.gif"/>
 <o:File HRef="slide0016.htm"/>
 <o:File HRef="slide0016_image092.gif"/>
 <o:File HRef="slide0016_image093.png"/>
 <o:File HRef="slide0016_image094.gif"/>
 <o:File HRef="slide0017.htm"/>
 <o:File HRef="slide0017_image095.gif"/>
 <o:File HRef="slide0017_image096.wmz"/>
 <o:File HRef="slide0017_image097.gif"/>
 <o:File HRef="slide0017_image098.gif"/>
 <o:File HRef="slide0019.htm"/>
 <o:File HRef="slide0019_image099.gif"/>
 <o:File HRef="slide0019_image100.png"/>
 <o:File HRef="slide0019_image101.gif"/>
 <o:File HRef="slide0020.htm"/>
 <o:File HRef="slide0020_image102.gif"/>
 <o:File HRef="slide0020_image103.wmz"/>
 <o:File HRef="slide0020_image104.gif"/>
 <o:File HRef="slide0021.htm"/>
 <o:File HRef="slide0021_image105.gif"/>
 <o:File HRef="slide0022.htm"/>
 <o:File HRef="slide0022_image106.gif"/>
 <o:File HRef="slide0023.htm"/>
 <o:File HRef="slide0023_image107.gif"/>
 <o:File HRef="slide0024.htm"/>
 <o:File HRef="slide0024_image108.gif"/>
 <o:File HRef="master01.htm"/>
 <o:File HRef="master03_stylesheet.css"/>
 <o:MainFile HRef="../expoinmer2000.htm"/>
 <o:File HRef="error.htm"/>
 <o:File HRef="fullscreen.htm"/>
 <o:File HRef="outline.htm"/>
 <o:File HRef="buttons.gif"/>
 <o:File HRef="frame.htm"/>
 <o:File HRef="script.js"/>
 <o:File HRef="filelist.xml"/>
</xml>