<xml xmlns:v="urn:schemas-microsoft-com:vml"
 xmlns:o="urn:schemas-microsoft-com:office:office"
 xmlns:p="urn:schemas-microsoft-com:office:powerpoint">
 <o:shapelayout v:ext="edit">
  <o:idmap v:ext="edit" data="1"/>
 </o:shapelayout><p:colorscheme
  colors="#FFFFFF,#000000,#808080,#000000,#00CC99,#3333CC,#CCCCFF,#B2B2B2"/>
 <v:background id="_x0000_s1027" o:bwmode="white" o:targetscreensize="800,600">
  <v:fill src="master03_image001.jpg" o:title="usuario" color2="black" angle="-360"
   focus="100%" type="frame"/>
 </v:background><p:shaperange id="_x0000_m1025">
  <v:shapetype id="_x0000_m1025" style='position:absolute;left:58.25pt;top:49.375pt;
   width:677.625pt;height:99.25pt;v-text-anchor:middle' coordsize="21600,21600"
   o:master="" o:spt="1" path="m0,0l0,21600,21600,21600,21600,0xe" filled="f"
   fillcolor="#2300dc" stroked="f" strokecolor="black [1]">
   <v:fill color2="black" o:detectmouseclick="t"/>
   <v:stroke joinstyle="miter" o:forcedash="t"/>
   <v:shadow color="gray [2]"/>
   <v:path gradientshapeok="t" o:connecttype="rect"/>
   <o:lock v:ext="edit" grouping="t"/>
   <p:placeholder type="title"/>
  </v:shapetype></p:shaperange>
 <p:shaperange id="_x0000_m1026">
  <v:shapetype id="_x0000_m1026" style='position:absolute;left:58.25pt;top:165.5pt;
   width:677.625pt;height:374.875pt' coordsize="21600,21600" o:master="" o:spt="1"
   path="m0,0l0,21600,21600,21600,21600,0xe" filled="f" fillcolor="#2300dc"
   stroked="f" strokecolor="black [1]">
   <v:fill color2="black" o:detectmouseclick="t"/>
   <v:stroke joinstyle="miter" o:forcedash="t"/>
   <v:shadow color="gray [2]"/>
   <v:path gradientshapeok="t" o:connecttype="rect"/>
   <o:lock v:ext="edit" grouping="t"/>
   <p:placeholder type="body" position="1"/>
  </v:shapetype></p:shaperange>
</xml>