<xml xmlns:v="urn:schemas-microsoft-com:vml"
 xmlns:o="urn:schemas-microsoft-com:office:office"
 xmlns:p="urn:schemas-microsoft-com:office:powerpoint">
 <p:presentation slidesizex="6350" slidesizey="4762" notessizex="4744"
  notessizey="6713" hidecomments="t">
  <p:master id="3" type="main" href="master03.htm" xmlhref="master03.xml"
   template="Diseño predeterminado" layout="title_body" slots="title,body">
   <p:schemes>
    <p:colorscheme
     colors="#FFFFFF,#000000,#808080,#000000,#00CC99,#3333CC,#CCCCFF,#B2B2B2"/>
    <p:colorscheme
     colors="#0000FF,#FFFFFF,#000000,#FFFF00,#FF9900,#00FFFF,#FF0000,#969696"/>
    <p:colorscheme
     colors="#FFFFCC,#000000,#666633,#808000,#339933,#800000,#0033CC,#FFCC66"/>
    <p:colorscheme
     colors="#FFFFFF,#000000,#333333,#000000,#DDDDDD,#808080,#4D4D4D,#EAEAEA"/>
    <p:colorscheme
     colors="#FFFFFF,#000000,#808080,#000000,#FFCC66,#0000FF,#CC00CC,#C0C0C0"/>
    <p:colorscheme
     colors="#FFFFFF,#000000,#808080,#000000,#C0C0C0,#0066FF,#FF0000,#009900"/>
    <p:colorscheme
     colors="#FFFFFF,#000000,#808080,#000000,#3399FF,#99FFCC,#CC00CC,#B2B2B2"/>
   </p:schemes>
  </p:master>
  <p:master id="1" type="notes" href="master01.htm" layout="notes"
   slots="header,dateTime,slideImage,body,footer,slideNumber"/>
  <p:master id="2" type="handout" href="master02.htm" layout="handout"
   slots="header,dateTime,footer,slideNumber"/>
  <p:slide id="1" href="slide0001.htm"/>
  <p:slide id="2" href="slide0002.htm" layout="title_body" slots="title,body"/>
  <p:slide id="3" href="slide0003.htm" layout="title_body" slots="title,body"/>
  <p:slide id="4" href="slide0004.htm" layout="title_body" slots="title,body"/>
  <p:slide id="5" href="slide0005.htm" layout="title_body" slots="title,body"/>
  <p:slide id="6" href="slide0006.htm" layout="title_body" slots="title,body"/>
  <p:slide id="7" href="slide0007.htm" layout="title_body" slots="title,body"/>
  <p:slide id="8" href="slide0008.htm" layout="title_body" slots="title,body"/>
  <p:slide id="18" href="slide0018.htm" layout="title_body" slots="title,body"/>
  <p:slide id="9" href="slide0009.htm" layout="title_body" slots="title,body"/>
  <p:slide id="10" href="slide0010.htm" layout="title_body" slots="title,body"/>
  <p:slide id="11" href="slide0011.htm" layout="title_body" slots="title,body"/>
  <p:slide id="12" href="slide0012.htm" layout="title_body" slots="title,body"/>
  <p:slide id="13" href="slide0013.htm" layout="title_body" slots="title,body"/>
  <p:slide id="14" href="slide0014.htm" layout="title_body" slots="title,body"/>
  <p:slide id="15" href="slide0015.htm" layout="title_body" slots="title,body"/>
  <p:slide id="16" href="slide0016.htm" layout="title_body" slots="title,body"/>
  <p:slide id="17" href="slide0017.htm"/>
  <p:slide id="19" href="slide0019.htm"/>
  <p:slide id="20" href="slide0020.htm"/>
  <p:slide id="21" href="slide0021.htm"/>
  <p:slide id="22" href="slide0022.htm"/>
  <p:slide id="23" href="slide0023.htm"/>
  <p:slide id="24" href="slide0024.htm"/>
  <p:viewstate type="slideView" outlinescale="25"/>
  <p:slideshowsettings pencolor="schemeText"/>
  <p:guide type="horizontal" position="2160"/>
  <p:guide type="vertical" position="2880"/>
  <p:kinsoku language="Japanese" level="levelOne"/>
  <p:font name="StarBats" charset="0"/>
  <p:font name="times" charset="0"/>
  <p:font name="Times New Roman" charset="0" type="4" family="18"/>
  <p:headersfooters noheader="t"/>
  <p:headersfooters notes="t" slidenumber="t"/>
  <p:pptdocumentsettings framecolors="WhiteTextOnBlack" hideslideanimation="t"
   browsersupport="dual"/>
 </p:presentation>
 <o:shapedefaults v:ext="edit" spidmax="72706" fill="f" fillcolor="#00b8ff"
  stroke="f">
  <v:fill color="#00b8ff" color2="black" on="f"/>
  <v:stroke on="f"/>
  <v:textbox style='mso-fit-shape-to-text:t'/>
  <o:colormru v:ext="edit" colors="lime,yellow,#f44e0c,#f9c,#c09,#690,#36f,#c6f"/>
  <o:colormenu v:ext="edit" fillcolor="none" strokecolor="none" shadowcolor="none [1]"/>
 </o:shapedefaults></xml>